"","cbsa","cbsa_name.x","PER_TYP","children","adults"
"1","12060","Atlanta-Sandy Springs-Roswell, GA",1,23.6994219653179,61.4054350809772
"2","12060","Atlanta-Sandy Springs-Roswell, GA",2,54.9132947976879,13.9994510019215
"3","12060","Atlanta-Sandy Springs-Roswell, GA",5,18.4971098265896,23.4422179522372
"4","12060","Atlanta-Sandy Springs-Roswell, GA",6,2.89017341040462,1.01564644523744
"5","12420","Austin-Round Rock-San Marcos, TX",1,25,60.9809663250366
"6","12420","Austin-Round Rock-San Marcos, TX",2,56.9444444444444,14.8609077598829
"7","12420","Austin-Round Rock-San Marcos, TX",5,16.6666666666667,21.8155197657394
"8","12420","Austin-Round Rock-San Marcos, TX",6,1.38888888888889,2.26939970717423
"9","12580","Baltimore-Columbia-Towson, MD",1,19.5121951219512,56.6519823788546
"10","12580","Baltimore-Columbia-Towson, MD",2,43.9024390243902,11.2775330396476
"11","12580","Baltimore-Columbia-Towson, MD",5,31.7073170731707,29.7797356828194
"12","12580","Baltimore-Columbia-Towson, MD",6,4.8780487804878,2.11453744493392
"13","14460","Boston-Cambridge-Newton, MA-NH",1,41.025641025641,65.5111111111111
"14","14460","Boston-Cambridge-Newton, MA-NH",2,38.4615384615385,12.0888888888889
"15","14460","Boston-Cambridge-Newton, MA-NH",5,12.8205128205128,20.2666666666667
"16","14460","Boston-Cambridge-Newton, MA-NH",6,7.69230769230769,2.04444444444444
"17","16740","Charlotte-Concord-Gastonia, NC-SC",1,22.4489795918367,64.746835443038
"18","16740","Charlotte-Concord-Gastonia, NC-SC",2,61.2244897959184,15.6962025316456
"19","16740","Charlotte-Concord-Gastonia, NC-SC",5,13.265306122449,17.5316455696203
"20","16740","Charlotte-Concord-Gastonia, NC-SC",6,3.06122448979592,1.83544303797468
"21","16980","Chicago-Naperville-Elgin, IL-IN",1,18.1347150259067,58.2059417363715
"22","16980","Chicago-Naperville-Elgin, IL-IN",2,57.5129533678757,16.8445341794058
"23","16980","Chicago-Naperville-Elgin, IL-IN",3,1.03626943005181,0.403807326218633
"24","16980","Chicago-Naperville-Elgin, IL-IN",5,16.580310880829,21.315258148255
"25","16980","Chicago-Naperville-Elgin, IL-IN",6,6.73575129533679,3.23045860974906
"26","17140","Cincinnati, OH-KY-IN",1,31.8181818181818,66.236559139785
"27","17140","Cincinnati, OH-KY-IN",2,45.4545454545455,16.989247311828
"28","17140","Cincinnati, OH-KY-IN",5,20.4545454545455,14.7311827956989
"29","17140","Cincinnati, OH-KY-IN",6,2.27272727272727,1.82795698924731
"30","19100","Dallas-Fort Worth-Arlington, TX",1,26.6393442622951,62.4817162359824
"31","19100","Dallas-Fort Worth-Arlington, TX",2,55.327868852459,14.6757679180887
"32","19100","Dallas-Fort Worth-Arlington, TX",4,0.40983606557377,0.0243783520234032
"33","19100","Dallas-Fort Worth-Arlington, TX",5,15.5737704918033,21.0628961482204
"34","19100","Dallas-Fort Worth-Arlington, TX",6,2.04918032786885,1.5358361774744
"35","19740","Denver-Aurora-Centennial, CO",1,28.7671232876712,59.5371669004208
"36","19740","Denver-Aurora-Centennial, CO",2,61.6438356164384,15.7082748948107
"37","19740","Denver-Aurora-Centennial, CO",5,6.84931506849315,21.9495091164095
"38","19740","Denver-Aurora-Centennial, CO",6,2.73972602739726,2.73492286115007
"39","19820","Detroit-Warren-Dearborn, MI",1,19.047619047619,61.302475780409
"40","19820","Detroit-Warren-Dearborn, MI",2,54.7619047619048,14.1011840688913
"41","19820","Detroit-Warren-Dearborn, MI",5,20.2380952380952,21.6361679224973
"42","19820","Detroit-Warren-Dearborn, MI",6,5.95238095238095,2.85252960172228
"43","26420","Houston-Pasadena-The Woodlands, TX",1,24.4131455399061,57.0843989769821
"44","26420","Houston-Pasadena-The Woodlands, TX",2,50.7042253521127,13.7851662404092
"45","26420","Houston-Pasadena-The Woodlands, TX",3,1.40845070422535,0.281329923273657
"46","26420","Houston-Pasadena-The Woodlands, TX",5,19.2488262910798,25.1406649616368
"47","26420","Houston-Pasadena-The Woodlands, TX",6,4.22535211267606,3.70843989769821
"48","26900","Indianapolis-Carmel-Greenwood, IN",1,28.5714285714286,63.9724849527085
"49","26900","Indianapolis-Carmel-Greenwood, IN",2,53.0612244897959,14.9613069647463
"50","26900","Indianapolis-Carmel-Greenwood, IN",5,14.2857142857143,17.8847807394669
"51","26900","Indianapolis-Carmel-Greenwood, IN",6,4.08163265306122,3.00945829750645
"52","28140","Kansas City, MO-KS",1,23.4375,67.4230145867099
"53","28140","Kansas City, MO-KS",2,54.6875,15.8833063209076
"54","28140","Kansas City, MO-KS",5,18.75,14.5867098865478
"55","28140","Kansas City, MO-KS",6,3.125,1.78282009724473
"56","29820","Las Vegas-Henderson-North Las Vegas, NV",1,20,55.2213868003342
"57","29820","Las Vegas-Henderson-North Las Vegas, NV",2,56.6666666666667,13.0325814536341
"58","29820","Las Vegas-Henderson-North Las Vegas, NV",5,20,27.9030910609858
"59","29820","Las Vegas-Henderson-North Las Vegas, NV",6,3.33333333333333,3.67585630743525
"60","31080","Los Angeles-Long Beach-Anaheim, CA",1,14.5251396648045,45.6287425149701
"61","31080","Los Angeles-Long Beach-Anaheim, CA",2,61.4525139664804,13.0139720558882
"62","31080","Los Angeles-Long Beach-Anaheim, CA",5,21.2290502793296,36.7065868263473
"63","31080","Los Angeles-Long Beach-Anaheim, CA",6,2.79329608938547,4.31137724550898
"64","33100","Miami-Fort Lauderdale-West Palm Beach, FL",1,21.4285714285714,54.8838511055136
"65","33100","Miami-Fort Lauderdale-West Palm Beach, FL",2,50,14.1897565071369
"66","33100","Miami-Fort Lauderdale-West Palm Beach, FL",3,1.2987012987013,0.195913797928911
"67","33100","Miami-Fort Lauderdale-West Palm Beach, FL",5,18.1818181818182,25.6926952141058
"68","33100","Miami-Fort Lauderdale-West Palm Beach, FL",6,9.09090909090909,5.03778337531486
"69","33460","Minneapolis-St. Paul-Bloomington, MN-WI",1,27.2727272727273,65.5470249520153
"70","33460","Minneapolis-St. Paul-Bloomington, MN-WI",2,51.5151515151515,15.4510556621881
"71","33460","Minneapolis-St. Paul-Bloomington, MN-WI",5,12.1212121212121,16.6026871401152
"72","33460","Minneapolis-St. Paul-Bloomington, MN-WI",6,9.09090909090909,2.30326295585413
"73","35620","New York-Newark-Jersey City, NY-NJ",1,16.9014084507042,46.8261269549218
"74","35620","New York-Newark-Jersey City, NY-NJ",2,48.3568075117371,13.0634774609016
"75","35620","New York-Newark-Jersey City, NY-NJ",3,0.938967136150235,0.16099356025759
"76","35620","New York-Newark-Jersey City, NY-NJ",5,23.943661971831,35.3725850965961
"77","35620","New York-Newark-Jersey City, NY-NJ",6,9.85915492957746,4.57681692732291
"78","36740","Orlando-Kissimmee-Sanford, FL",1,16.6666666666667,55.9751972942503
"79","36740","Orlando-Kissimmee-Sanford, FL",2,54.1666666666667,14.1488162344983
"80","36740","Orlando-Kissimmee-Sanford, FL",5,15.625,24.4644870349493
"81","36740","Orlando-Kissimmee-Sanford, FL",6,13.5416666666667,5.29875986471251
"82","37980","Philadelphia-Camden-Wilmington, PA-NJ-DE-MD",1,16.8067226890756,55.6122448979592
"83","37980","Philadelphia-Camden-Wilmington, PA-NJ-DE-MD",2,48.7394957983193,14.1679748822606
"84","37980","Philadelphia-Camden-Wilmington, PA-NJ-DE-MD",5,26.890756302521,27.3547880690738
"85","37980","Philadelphia-Camden-Wilmington, PA-NJ-DE-MD",6,7.56302521008403,2.74725274725275
"86","38060","Phoenix-Mesa-Chandler, AZ",1,20.1030927835052,54.989511537309
"87","38060","Phoenix-Mesa-Chandler, AZ",2,56.1855670103093,16.062331435421
"88","38060","Phoenix-Mesa-Chandler, AZ",5,19.5876288659794,24.6628708420737
"89","38060","Phoenix-Mesa-Chandler, AZ",6,4.12371134020619,4.28528618519628
"90","40140","Riverside-San Bernardino-Ontario, CA",1,21.8085106382979,55.9238973767656
"91","40140","Riverside-San Bernardino-Ontario, CA",2,60.1063829787234,15.5087921591237
"92","40140","Riverside-San Bernardino-Ontario, CA",3,0.531914893617021,0.37474776592678
"93","40140","Riverside-San Bernardino-Ontario, CA",5,11.1702127659574,24.9927933121937
"94","40140","Riverside-San Bernardino-Ontario, CA",6,6.38297872340426,3.17094263476506
"95","40900","Sacramento-Roseville-Folsom, CA",1,24.5614035087719,52.2743682310469
"96","40900","Sacramento-Roseville-Folsom, CA",2,56.140350877193,13.7184115523466
"97","40900","Sacramento-Roseville-Folsom, CA",3,1.75438596491228,0.288808664259928
"98","40900","Sacramento-Roseville-Folsom, CA",5,17.5438596491228,28.9530685920578
"99","41180","St. Louis, MO-IL",1,18.9655172413793,62.757087270706
"100","41180","St. Louis, MO-IL",2,66.3793103448276,17.7876598110061
"101","41180","St. Louis, MO-IL",5,13.7931034482759,18.4546970539188
"102","41180","St. Louis, MO-IL",6,0.862068965517241,0.9449694274597
"103","41700","San Antonio-New Braunfels, TX",1,27.2727272727273,57.323568575233
"104","41700","San Antonio-New Braunfels, TX",2,50,14.1145139813582
"105","41700","San Antonio-New Braunfels, TX",5,22.7272727272727,25.832223701731
"106","41740","San Diego-Chula Vista-Carlsbad, CA",1,26.6666666666667,50.2828854314003
"107","41740","San Diego-Chula Vista-Carlsbad, CA",2,44.4444444444444,13.2956152758133
"108","41740","San Diego-Chula Vista-Carlsbad, CA",5,24.4444444444444,32.8147100424328
"109","41740","San Diego-Chula Vista-Carlsbad, CA",6,4.44444444444444,3.39462517680339
"110","41860","San Francisco-Oakland-Fremont, CA",1,22.9508196721311,50.4538577912254
"111","41860","San Francisco-Oakland-Fremont, CA",2,54.0983606557377,13.9183055975794
"112","41860","San Francisco-Oakland-Fremont, CA",3,1.63934426229508,0.151285930408472
"113","41860","San Francisco-Oakland-Fremont, CA",5,18.0327868852459,31.3161875945537
"114","41860","San Francisco-Oakland-Fremont, CA",6,3.27868852459016,4.16036308623298
"115","42660","Seattle-Tacoma-Bellevue, WA",1,22.2222222222222,55.9971611071682
"116","42660","Seattle-Tacoma-Bellevue, WA",2,64.8148148148148,14.7622427253371
"117","42660","Seattle-Tacoma-Bellevue, WA",5,11.1111111111111,27.1823988644429
"118","42660","Seattle-Tacoma-Bellevue, WA",6,1.85185185185185,1.98722498225692
"119","45300","Tampa-St. Petersburg-Clearwater, FL",1,17.6470588235294,53.2967032967033
"120","45300","Tampa-St. Petersburg-Clearwater, FL",2,47.0588235294118,12.4683009298394
"121","45300","Tampa-St. Petersburg-Clearwater, FL",5,22.3529411764706,26.6272189349112
"122","45300","Tampa-St. Petersburg-Clearwater, FL",6,12.9411764705882,7.60777683854607
"123","47900","Washington-Arlington-Alexandria, DC-VA-MD-WV",1,26.2135922330097,56.8298368298368
"124","47900","Washington-Arlington-Alexandria, DC-VA-MD-WV",2,52.4271844660194,14.5454545454545
"125","47900","Washington-Arlington-Alexandria, DC-VA-MD-WV",3,0.970873786407767,0.233100233100233
"126","47900","Washington-Arlington-Alexandria, DC-VA-MD-WV",5,17.4757281553398,26.4335664335664
"127","47900","Washington-Arlington-Alexandria, DC-VA-MD-WV",6,2.9126213592233,1.95804195804196
