cbsa_code,name,year,fatality_count,population,rate
12580,"Baltimore-Columbia-Towson, MD",2015,215,2797407,7.685688925494217
12580,"Baltimore-Columbia-Towson, MD",2016,228,2798886,8.14609812618306
12580,"Baltimore-Columbia-Towson, MD",2017,238,2808175,8.475255281455038
12580,"Baltimore-Columbia-Towson, MD",2018,222,2802789,7.920681863672221
12580,"Baltimore-Columbia-Towson, MD",2019,207,2800053,7.392717209281396
12580,"Baltimore-Columbia-Towson, MD",2020,249,2844510,8.7537045044665
12580,"Baltimore-Columbia-Towson, MD",2021,227,2838327,7.997669049408331
12580,"Baltimore-Columbia-Towson, MD",2022,223,2835672,7.864097117014944
12580,"Baltimore-Columbia-Towson, MD",2023,252,2834316,8.89103402725737
12580,"Baltimore-Columbia-Towson, MD",2024,244,2859024,8.534380963573582
14460,"Boston-Cambridge-Newton, MA-NH",2015,218,4774321,4.566094320009065
14460,"Boston-Cambridge-Newton, MA-NH",2016,244,4794447,5.089220925791859
14460,"Boston-Cambridge-Newton, MA-NH",2017,200,4836531,4.135195246344953
14460,"Boston-Cambridge-Newton, MA-NH",2018,207,4875390,4.245814181019365
14460,"Boston-Cambridge-Newton, MA-NH",2019,186,4873019,3.8169356614451946
14460,"Boston-Cambridge-Newton, MA-NH",2020,208,4941632,4.2091357672930725
14460,"Boston-Cambridge-Newton, MA-NH",2021,246,4899932,5.020477835202611
14460,"Boston-Cambridge-Newton, MA-NH",2022,259,4900550,5.285121057840446
14460,"Boston-Cambridge-Newton, MA-NH",2023,212,4919179,4.3096622424189075
14460,"Boston-Cambridge-Newton, MA-NH",2024,231,5025517,4.596542007518829
16980,"Chicago-Naperville-Elgin, IL-IN",2015,529,9550108,5.5392043733955685
16980,"Chicago-Naperville-Elgin, IL-IN",2016,563,9512968,5.918237084367361
16980,"Chicago-Naperville-Elgin, IL-IN",2017,615,9533895,6.450668902898553
16980,"Chicago-Naperville-Elgin, IL-IN",2018,571,9497790,6.011924879366674
16980,"Chicago-Naperville-Elgin, IL-IN",2019,571,9457867,6.037302068214747
16980,"Chicago-Naperville-Elgin, IL-IN",2020,696,9618502,7.236054013400423
16980,"Chicago-Naperville-Elgin, IL-IN",2021,816,9510390,8.580089775498166
16980,"Chicago-Naperville-Elgin, IL-IN",2022,755,9442159,7.996052597716264
16980,"Chicago-Naperville-Elgin, IL-IN",2023,699,9262559,7.546510634912015
16980,"Chicago-Naperville-Elgin, IL-IN",2024,691,9406924,7.345653053006488
31080,"Los Angeles-Long Beach-Anaheim, CA",2015,834,13340068,6.251842194507555
31080,"Los Angeles-Long Beach-Anaheim, CA",2016,1041,13310447,7.820924421245958
31080,"Los Angeles-Long Beach-Anaheim, CA",2017,961,13353907,7.196395781399406
31080,"Los Angeles-Long Beach-Anaheim, CA",2018,939,13291486,7.064672828907167
31080,"Los Angeles-Long Beach-Anaheim, CA",2019,898,13214799,6.795411719845305
31080,"Los Angeles-Long Beach-Anaheim, CA",2020,953,13200998,7.2191511581169845
31080,"Los Angeles-Long Beach-Anaheim, CA",2021,1081,12997353,8.317078100440913
31080,"Los Angeles-Long Beach-Anaheim, CA",2022,1088,12872322,8.45224350354194
31080,"Los Angeles-Long Beach-Anaheim, CA",2023,1071,12799100,8.367775859240103
31080,"Los Angeles-Long Beach-Anaheim, CA",2024,977,12927614,7.557465747352914
35620,"New York-Newark-Jersey City, NY-NJ",2015,927,20182305,4.5931324494402395
35620,"New York-Newark-Jersey City, NY-NJ",2016,855,20153634,4.242411070876845
35620,"New York-Newark-Jersey City, NY-NJ",2017,823,20320876,4.050022252977676
35620,"New York-Newark-Jersey City, NY-NJ",2018,776,19979477,3.8839855517739528
35620,"New York-Newark-Jersey City, NY-NJ",2019,779,19216182,4.053875010134687
35620,"New York-Newark-Jersey City, NY-NJ",2020,842,20140470,4.180637293965831
35620,"New York-Newark-Jersey City, NY-NJ",2021,923,19768458,4.669054106293976
35620,"New York-Newark-Jersey City, NY-NJ",2022,955,19617869,4.868010893537927
35620,"New York-Newark-Jersey City, NY-NJ",2023,891,19498249,4.569641099567454
35620,"New York-Newark-Jersey City, NY-NJ",2024,889,19940274,4.458313862688145
37980,"Philadelphia-Camden-Wilmington, PA-NJ-DE-MD",2015,435,6069875,7.166539673387013
37980,"Philadelphia-Camden-Wilmington, PA-NJ-DE-MD",2016,442,6070500,7.281113582077259
37980,"Philadelphia-Camden-Wilmington, PA-NJ-DE-MD",2017,491,6096120,8.054303392977829
37980,"Philadelphia-Camden-Wilmington, PA-NJ-DE-MD",2018,489,6096372,8.021164062822937
37980,"Philadelphia-Camden-Wilmington, PA-NJ-DE-MD",2019,438,6102434,7.1774639430758285
37980,"Philadelphia-Camden-Wilmington, PA-NJ-DE-MD",2020,522,6245051,8.3586186886224
37980,"Philadelphia-Camden-Wilmington, PA-NJ-DE-MD",2021,551,6228601,8.8462882756497
37980,"Philadelphia-Camden-Wilmington, PA-NJ-DE-MD",2022,577,6241164,9.245070310602317
37980,"Philadelphia-Camden-Wilmington, PA-NJ-DE-MD",2023,503,6246160,8.052947731085979
37980,"Philadelphia-Camden-Wilmington, PA-NJ-DE-MD",2024,503,6330422,7.945757802560398
38300,"Pittsburgh, PA",2015,199,2353045,8.457126829278657
38300,"Pittsburgh, PA",2016,200,2342299,8.538619535763795
38300,"Pittsburgh, PA",2017,204,2333367,8.74273099773846
38300,"Pittsburgh, PA",2018,210,2324743,9.033256579329414
38300,"Pittsburgh, PA",2019,192,2317600,8.284432171211598
38300,"Pittsburgh, PA",2020,194,2370930,8.182443176306343
38300,"Pittsburgh, PA",2021,192,2353538,8.15793074086758
38300,"Pittsburgh, PA",2022,202,2349172,8.598774376673994
38300,"Pittsburgh, PA",2023,195,2422725,8.0487880382627
38300,"Pittsburgh, PA",2024,183,2429917,7.531121433365831
41860,"San Francisco-Oakland-Fremont, CA",2015,245,4656132,5.261878314446411
41860,"San Francisco-Oakland-Fremont, CA",2016,260,4679166,5.556545760505184
41860,"San Francisco-Oakland-Fremont, CA",2017,238,4727357,5.03452563451417
41860,"San Francisco-Oakland-Fremont, CA",2018,235,4729484,4.968829580563122
41860,"San Francisco-Oakland-Fremont, CA",2019,260,4731803,5.494734248234764
41860,"San Francisco-Oakland-Fremont, CA",2020,291,4749008,6.127595489415896
41860,"San Francisco-Oakland-Fremont, CA",2021,271,4623264,5.861659641326993
41860,"San Francisco-Oakland-Fremont, CA",2022,275,4579599,6.004892568104762
41860,"San Francisco-Oakland-Fremont, CA",2023,283,4566961,6.196680900055858
41860,"San Francisco-Oakland-Fremont, CA",2024,255,4648486,5.485657050489127
42660,"Seattle-Tacoma-Bellevue, WA",2015,228,3733580,6.1067393761483615
42660,"Seattle-Tacoma-Bellevue, WA",2016,217,3798902,5.712176834253687
42660,"Seattle-Tacoma-Bellevue, WA",2017,209,3867046,5.40464219975661
42660,"Seattle-Tacoma-Bellevue, WA",2018,214,3939363,5.432350357151651
42660,"Seattle-Tacoma-Bellevue, WA",2019,213,3979845,5.351967224854234
42660,"Seattle-Tacoma-Bellevue, WA",2020,231,4018762,5.748038823896513
42660,"Seattle-Tacoma-Bellevue, WA",2021,273,4011553,6.805344463852278
42660,"Seattle-Tacoma-Bellevue, WA",2022,295,4034248,7.312391305641101
42660,"Seattle-Tacoma-Bellevue, WA",2023,327,4044837,8.084380161672769
42660,"Seattle-Tacoma-Bellevue, WA",2024,318,4145494,7.670979622693942
47900,"Washington-Arlington-Alexandria, DC-VA-MD-WV",2015,338,6098283,5.542543696315832
47900,"Washington-Arlington-Alexandria, DC-VA-MD-WV",2016,338,6133552,5.510673097741733
47900,"Washington-Arlington-Alexandria, DC-VA-MD-WV",2017,369,6216710,5.935615462197851
47900,"Washington-Arlington-Alexandria, DC-VA-MD-WV",2018,372,6251240,5.950819357439484
47900,"Washington-Arlington-Alexandria, DC-VA-MD-WV",2019,379,6280697,6.034362109810424
47900,"Washington-Arlington-Alexandria, DC-VA-MD-WV",2020,385,6385162,6.029604260627999
47900,"Washington-Arlington-Alexandria, DC-VA-MD-WV",2021,422,6358652,6.636626756740265
47900,"Washington-Arlington-Alexandria, DC-VA-MD-WV",2022,467,6373829,7.326836035293699
47900,"Washington-Arlington-Alexandria, DC-VA-MD-WV",2023,456,6304449,7.23298737129922
47900,"Washington-Arlington-Alexandria, DC-VA-MD-WV",2024,440,6437907,6.83451935543648
